{{redirect|Forest frog}} 
 {{Use dmy dates|date=May 2020}} 
 {{Automatic taxobox 
 | image = Fiji tree frog Tamara Osborne.JPG 
 | image_caption = Fiji tree frog (''Platymantis vitiensis'') 
 | taxon = Platymantis 
 | authority = [[Albert Charles Lewis Günther|Günther]], 1858 
 | type_species = ''[[Platymantis vitiensis|Halophila vitiensis]]'' 
 | type_species_authority = [[Charles Frédéric Girard|Girard]], 1853 
 }} 
 '''''Platymantis''''' is a [[genus|group]] of [[frog]]s in the family [[Ceratobatrachidae]]. In English, they are named '''wrinkled ground frogs''', '''ground frogs''', < ref name=frost > {{cite web |url=http://research.amnh.org/vz/herpetology/amphibia/Amphibia/Anura/Ceratobatrachidae/Platymantis |title=''Platymantis'' Günther, 1858 |author=Frost, Darrel R. |year=2014 |work=Amphibian Species of the World: an Online Reference. Version 6.0 |publisher=American Museum of Natural History |accessdate=22 February 2014}} < /ref > < ref > {{ITIS|id=173463 |taxon=''Platymantis'' Günther, 1858}} < /ref >  and '''forest frogs'''. 
 
 Most of the frogs in ''Platymantis'' live in the [[Philippines]]. < ref name=frost/ > 
 
 ''Platymantis'' is a large genus, and scientists disagree about which frogs should be in it. < ref name=frost/ > 
 
 ==Species== 
 Right now, scientists say at least 30 living species are in this genus. < ref name=frost/ >  Brown, et al. (2015) < ref name=BrownEtAl2015 > {{cite journal |last1=Brown |first1=Rafe M. |last2=Siler |first2=Cameron D. |last3=Richards |first3=Stephen J. |last4=Diesmos |first4=Arvin C. |last5=Cannatella |first5=David C. |title=Multilocus phylogeny and a new classification for Southeast Asian and Melanesian forest frogs (family Ceratobatrachidae) |journal=Zoological Journal of the Linnean Society |volume=174 |issue=1 |year=2015 |pages=130–168 |doi=10.1111/zoj.12232|doi-access=free }} < /ref >  say there may be more, 50-60 species, because scientists have not [[cryptic species|written papers]] about all of them yet. 
 {{columns-list|colwidth=25em| 
 * ''[[Platymantis banahao]]''  < small > Brown, Alcala, Diesmos  &  Alcala, 1997 < /small > 
 * ''[[Platymantis bayani]]''  < small > Siler, Alcala, Diesmos, and Brown, 2009 < /small > 
 * ''[[Platymantis biak]]''  < small > Siler, Diesmos, Linkem, Diesmos, and Brown, 2010 < /small > 
 * ''[[Platymantis cagayanensis]]''  < small > Brown, Alcala  &  Diesmos, 1999 < /small > 
 * ''[[Platymantis cornutus]]''  < small > (Taylor, 1922) < /small > 
 * ''[[Platymantis corrugatus]]''  < small > (Duméril, 1853) < /small > 
 * ''[[Platymantis diesmosi]]''  < small > Brown  &  Gonzalez, 2007 < /small > 
 * ''[[Platymantis dorsalis]]''  < small > (Duméril, 1853) < /small > 
 * ''[[Platymantis guentheri]]''  < small > ([[George Albert Boulenger|Boulenger]], 1882) < /small > 
 * ''[[Platymantis hazelae]]''  < small > (Taylor, 1920) < /small > 
 * ''[[Platymantis indeprensus]]''  < small > Brown, Alcala  &  Diesmos, 1999 < /small > 
 * ''[[Platymantis insulatus]]''  < small > Brown  &  Alcala, 1970 < /small > 
 * ''[[Platymantis isarog]]''  < small > Brown, Brown, Alcala  &  Frost, 1997 < /small > 
 * ''[[Platymantis lawtoni]]''  < small > Brown  &  Alcala, 1974 < /small > 
 * ''[[Platymantis levigatus]]''  < small > Brown  &  Alcala, 1974 < /small > 
 * ''[[Platymantis luzonensis]]''  < small > Brown, Alcala, Diesmos  &  Alcala, 1997 < /small > 
 * ''[[Platymantis mimulus]]''  < small > Brown, Alcala  &  Diesmos, 1997 < /small > 
 * ''[[Platymantis montanus]]''  < small > (Taylor, 1922) < /small > 
 * ''[[Platymantis naomii]]''  < small > Alcala, Brown  &  Diesmos, 1998 < /small > 
 * ''[[Platymantis negrosensis]]''  < small > Brown, Alcala, Diesmos  &  Alcala, 1997 < /small > 
 * ''[[Platymantis paengi]]''  < small > Siler et al., 2007 < /small > 
 * ''[[Platymantis panayensis]]''  < small > Brown, Brown  &  Alcala, 1997 < /small > 
 * ''[[Platymantis polillensis]]''  < small > (Taylor, 1922) < /small > 
 * ''[[Platymantis pseudodorsalis]]''  < small > Brown, Alcala  &  Diesmos, 1999 < /small > 
 * ''[[Platymantis pygmaeus]]''  < small > Alcala, Brown  &  Diesmos, 1998 < /small > 
 * ''[[Platymantis quezoni]]''  < small > Brown, Layola, Lorenzo, Diesmos  &  Diesmos, 2015 < /small > 
 * ''[[Platymantis rabori]]''  < small > Brown, Alcala, Diesmos  &  Alcala, 1997 < /small > 
 * ''[[Platymantis sierramadrensis]]''  < small > Brown, Alcala, Ong  &  Diesmos, 1999 < /small > 
 * ''[[Platymantis spelaeus]]''  < small > Brown  &  Alcala, 1982 < /small > 
 * ''[[Platymantis subterrestris]]''  < small > (Taylor, 1922) < /small > 
 * ''[[Platymantis taylori]]''  < small > Brown, Alcala  &  Diesmos, 1999 < /small > 
 }} 
 
 ''Platymantis'' also has one [[extinct|dead]] species in it: 
 * ''[[Platymantis megabotoniviti]]'', Giant Fiji ground frog < ref > {{Cite web | title = Platymantis megabotoniviti; holotype (a) paratypes (b-h) | work = Collections Online | publisher = Museum of New Zealand Te Papa Tongarewa | url = http://collections.tepapa.govt.nz/objectdetails.aspx?oid=393886 | accessdate = 18 July 2010}} < /ref > 
 
 ===Species moved to genus ''[[Cornufer]]''=== 
 Brown et al. (2015) < ref name= " BrownEtAl2015 " / >  moved many species in ''Platymantis'' into a new genus, ''[[Cornufer]]''. They kept all the frogs that living in the [[Philippines]] in ''Platymantis''. 
 
 {{div col}} 
 * ''[[Cornufer aculeodactylus]]''  < small > Brown, 1952 < /small > 
 * ''[[Cornufer admiraltiensis]]''  < small > Richards, Mack  &  Austin, 2007 < /small > 
 * ''[[Cornufer akarithymus]]''  < small > Brown  &  Tyler, 1968 < /small > 
 * ''[[Cornufer batantae]]''  < small > Zweifel, 1969 < /small > 
 * ''[[Cornufer bimaculatus]]''  < small > Günther, 1999 < /small > 
 * ''[[Cornufer boulengeri]]''  < small > (Boettger, 1892) < /small > 
 * ''[[Cornufer browni]]''  < small > Allison  &  Kraus, 2001 < /small > 
 * ''[[Cornufer bufonulus]]''  < small > Kraus and Allison, 2007 < /small > 
 * ''[[Cornufer caesiops]]''  < small > Kraus and Allison, 2009 < /small > 
 * ''[[Cornufer cheesmanae]]''  < small > Parker, 1940 < /small > 
 * ''[[Cornufer citrinospilus]]''  < small > Brown, Richards, and Broadhead, 2013 < /small > 
 * ''[[Cornufer cryptotis]]''  < small > Günther, 1999 < /small > 
 * ''[[Cornufer desticans]]''  < small > Brown  &  Richards, 2008 < /small > < !-- Zootaxa1888:47. -- > 
 * ''[[Cornufer gilliardi]]''  < small > Zweifel, 1960 < /small > 
 * ''[[Cornufer guppyi]]''  < small > (Boulenger, 1884) < /small > 
 * ''[[Cornufer latro]]''  < small > Richards, Mack  &  Austin, 2007 < /small > 
 * ''[[Cornufer macrops]]''  < small > (Brown, 1965) < /small > 
 * ''[[Cornufer macrosceles]]''  < small > Zweifel, 1975 < /small > 
 * ''[[Cornufer magna]]''  < small > Brown  &  Menzies, 1979 < /small >  (synonym: ''[[Platymantis magnus]]'') 
 * ''[[Cornufer mamusiorum]]''  < small > Foufopoulos and Brown, 2004 < /small > 
 * ''[[Cornufer manus]]''  < small > Kraus and Allison, 2009 < /small > 
 * ''[[Cornufer mimica]]''  < small > Brown  &  Tyler, 1968 < /small > 
 * ''[[Cornufer nakanaiorum]]''  < small > Brown, Foufopoulos, and Richards, 2006 < /small > 
 * ''[[Cornufer neckeri]]''  < small > (Brown  &  Myers, 1949) < /small > 
 * ''[[Cornufer nexipus]]''  < small > Zweifel, 1975 < /small > 
 * ''[[Cornufer papuensis]]''  < small > Meyer, 1875 < /small > 
 * ''[[Cornufer parilis]]''  < small > Brown  &  Richards, 2008 < /small > < !-- Zootaxa1888:47. -- > 
 * ''[[Cornufer parkeri]]''  < small > (Brown, 1965) < /small > 
 * ''[[Cornufer pelewensis]]''  < small > Peters, 1867 < /small > 
 * ''[[Cornufer punctatus]]''  < small > Peters  &  Doria, 1878 < /small > 
 * ''[[Cornufer schmidti]]''  < small > Brown  &  Tyler, 1968 < /small > 
 * ''[[Cornufer solomonis]]''  < small > (Boulenger, 1884) < /small > 
 * ''[[Cornufer sulcatus]]''  < small > Kraus and Allison, 2007 < /small > 
 * ''[[Cornufer vitianus]]''  < small > (Duméril, 1853) < /small > 
 * ''[[Cornufer vitiensis]]''  < small > (Girard, 1853) < /small > 
 * ''[[Cornufer weberi]]''  < small > Schmidt, 1932 < /small > 
 * ''[[Cornufer wuenscheorum]]''  < small > Günther, 2006 < /small > < !-- Zoologische Abhandlungen (Dresden) 55 85-94 -- > 
 {{colend}} 
 
 ==Where they live== 
 Many ''Platymantis'' species [[endemic|live in]] only a few places. 
 *Widespread 
 ** ''[[Platymantis corrugatus]]'' 
 ** ''[[Platymantis dorsalis]]'' 
 *[[Luzon]] 
 **[[Northern Luzon]] 
 *** ''[[Platymantis cagayanensis]]'': [[Palaui Island]]; NE [[Luzon]] 
 *** ''[[Platymantis sierramadrensis]]'': [[Sierra Madre (Philippines)|Sierra Madre]] 
 *** ''[[Platymantis taylori]]'': [[Sierra Madre (Philippines)|Sierra Madre]] 
 *** ''[[Platymantis cornutus]]'': [[Cordillera Central (Luzon)]] 
 *** ''[[Platymantis subterrestris]]'': [[Cordillera Central (Luzon)]] 
 *** ''[[Platymantis pygmaeus]]'': northern [[Luzon]] 
 **Central Luzon 
 *** ''[[Platymantis biak]]'': [[Biak-na-Bato National Park]] 
 *** ''[[Platymantis polillensis]]'': [[Polillo Island]]; [[Aurora Province]] 
 *** ''[[Platymantis mimula]]'': [[Mount Makiling]] 
 *** ''[[Platymantis banahao]]'': [[Mount Banahaw]] 
 *** ''[[Platymantis indeprensus]]'': [[Mount Banahaw]] 
 *** ''[[Platymantis montanus]]'': [[Mount Banahaw]] 
 *** ''[[Platymantis naomii]]'': [[Mount Banahaw]] 
 *** ''[[Platymantis pseudodorsalis]]'': [[Mount Banahaw]] 
 *** ''[[Platymantis quezoni]]'': [[Quezon Protected Landscape]] 
 **[[Bicol Region]] 
 *** ''[[Platymantis isarog]]'': [[Mount Isarog]] 
 *** ''[[Platymantis diesmosi]]'': [[Malinao Volcano]] 
 *** ''[[Platymantis luzonensis]]'': SE [[Luzon]] 
 *[[Visayas]] 
 ** ''[[Platymantis lawtoni]]'': [[Romblon]] 
 ** ''[[Platymantis levigata]]'': [[Romblon]] 
 ** ''[[Platymantis insulatus]]'': South [[Islas de Gigantes|Gigante Island]] near [[Panay]] 
 ** ''[[Platymantis paengi]]'': [[Pandan, Antique]], [[Panay]] 
 ** ''[[Platymantis panayensis]]'': [[Panay]] 
 ** ''[[Platymantis negrosensis]]'': [[Panay]]; [[Negros Island|Negros]] 
 ** ''[[Platymantis hazelae]]'': [[Negros Island|Negros]] 
 ** ''[[Platymantis spelaea]]'': southern [[Negros Island|Negros]] 
 ** ''[[Platymantis bayani]]'': [[Taft, Eastern Samar]] 
 ** ''[[Platymantis rabori]]'': [[Bohol]]; [[Leyte]]; [[Mindanao]] 
 ** ''[[Platymantis guentheri]]'': [[Bohol]]; [[Leyte]]; [[Mindanao]] 
 
 ==References== 
 {{Reflist}} 
 
 ==External links== 
 *[https://www.youtube.com/watch?v=Mt51tz0n37k BITC / Species Descriptions - Example Platymantis] 
 
 {{Taxonbar|from=Q1977736}} 
 
 [[Category:Frogs of Asia]]